[
  {
      "conditions": {
          "all": [
              {
                  "name": "containers",
                  "operator": "greater_than_or_equal_to",
                  "value": "truck"
              }
          ]
      },
      "actions": [
          {
              "name": "set_containers_over_truck"
          }
      ]
  },
  {
      "conditions": {
          "all": [
              {
                  "name": "containers",
                  "operator": "less_than",
                  "value": "truck"
              }
          ]
      },
      "actions": [
          {
              "name": "set_containers_under_truck"
          }
      ]
  }
]
